<beans xmlns="http://www.springframework.org/schema/beans"
	xmlns:xsi="http://www.w3.org/2001/XMLSchema-instance" xmlns:context="http://www.springframework.org/schema/context"
	xmlns:mvc="http://www.springframework.org/schema/mvc"
	xsi:schemaLocation="http://www.springframework.org/schema/beans
	http://www.springframework.org/schema/beans/spring-beans.xsd
	http://www.springframework.org/schema/context
	http://www.springframework.org/schema/context/spring-context.xsd
	http://www.springframework.org/schema/mvc
	http://www.springframework.org/schema/mvc/spring-mvc.xsd">

	<context:component-scan base-package="com.synechron.checkStock" />
	<mvc:annotation-driven />
	<mvc:resources mapping="/resources/**" location="/resources/" />
	
	<bean class="org.springframework.web.servlet.view.InternalResourceViewResolver">  
		<property name="prefix" value="/WEB-INF/jsp/"></property>  
		<property name="suffix" value=".jsp"></property>  
	</bean>

</beans>